{"cameraMode":{"drawMode":0,"name":"Shaded","section":"Shading Mode"},"sceneLighting":true,"audioPlay":false,"sceneViewState":{"m_AlwaysRefresh":false,"showFog":true,"showSkybox":true,"showFlares":true,"showImageEffects":true,"showParticleSystems":true,"showVisualEffectGraphs":true,"m_FxEnabled":true},"in2DMode":false,"pivot":{"x":2870.00048828125,"y":-296.09967041015627,"z":-66.78050231933594},"rotation":{"x":-0.01880617067217827,"y":-0.01789945922791958,"z":0.00033079853164963424,"w":-0.9996786117553711},"size":198.7733154296875,"orthographic":false}