{"cameraMode":{"drawMode":0,"name":"Shaded","section":"Shading Mode"},"sceneLighting":true,"audioPlay":false,"sceneViewState":{"m_AlwaysRefresh":false,"showFog":true,"showSkybox":true,"showFlares":true,"showImageEffects":true,"showParticleSystems":true,"showVisualEffectGraphs":true,"m_FxEnabled":true},"in2DMode":false,"pivot":{"x":6.573888778686523,"y":-12.144649505615235,"z":12.658166885375977},"rotation":{"x":-0.35883578658103945,"y":-0.23853297531604768,"z":0.09538006037473679,"w":-0.8973642587661743},"size":12.176687240600586,"orthographic":true}