{"cameraMode":{"drawMode":0,"name":"Shaded","section":"Shading Mode"},"sceneLighting":true,"audioPlay":false,"sceneViewState":{"m_AlwaysRefresh":false,"showFog":true,"showSkybox":true,"showFlares":true,"showImageEffects":true,"showParticleSystems":true,"showVisualEffectGraphs":true,"m_FxEnabled":true},"in2DMode":false,"pivot":{"x":625.6948852539063,"y":434.0551452636719,"z":-297.01678466796877},"rotation":{"x":0.051162924617528918,"y":0.020070428028702737,"z":0.0009915699483826757,"w":-0.9985777735710144},"size":422.97607421875,"orthographic":false}