{"cameraMode":{"drawMode":0,"name":"Shaded","section":"Shading Mode"},"sceneLighting":false,"audioPlay":false,"sceneViewState":{"m_AlwaysRefresh":false,"showFog":true,"showSkybox":false,"showFlares":true,"showImageEffects":true,"showParticleSystems":true,"showVisualEffectGraphs":true,"m_FxEnabled":true},"in2DMode":false,"pivot":{"x":2.682209014892578e-7,"y":0.6469193696975708,"z":-3.5762786865234377e-7},"rotation":{"x":-0.35883578658103945,"y":-0.23853297531604768,"z":0.09538006037473679,"w":-0.8973642587661743},"size":2.5819523334503176,"orthographic":true}