{"cameraMode":{"drawMode":0,"name":"Shaded","section":"Shading Mode"},"sceneLighting":false,"audioPlay":false,"sceneViewState":{"m_AlwaysRefresh":false,"showFog":true,"showSkybox":false,"showFlares":true,"showImageEffects":true,"showParticleSystems":true,"showVisualEffectGraphs":true,"m_FxEnabled":true},"in2DMode":false,"pivot":{"x":-0.14066077768802644,"y":-0.3204372227191925,"z":0.16556145250797273},"rotation":{"x":-0.17032881081104279,"y":-0.6594621539115906,"z":0.1570570170879364,"w":-0.7151557207107544},"size":0.9484565258026123,"orthographic":false}